date,category,johor,kedah,kelantan,melaka,negeri-sembilan,pahang,perak,perlis,pulau-pinang,sabah,sarawak,selangor,terengganu,wp-kuala-lumpur,wp-labuan,wp-putrajaya
2021-01-01,alcohol_tobacco,172.1,174.3,183.8,169.4,170.5,176.4,167.5,183.9,165.5,172.5,171.7,167.9,183.2,165.7,132.7,183.7
2021-01-01,clothing_footwear,95.3,87.4,97.2,77.1,99.5,95.0,91.8,90.0,91.0,91.3,91.2,98.9,92.8,86.3,89.0,86.5
2021-01-01,communication,97.9,98.9,99.4,97.8,102.6,104.3,101.7,102.1,95.9,99.1,98.6,96.4,97.6,91.9,100.3,96.6
2021-01-01,education,127.2,108.5,130.5,131.0,114.7,120.3,114.4,126.0,119.4,112.1,116.2,122.5,126.7,127.6,130.2,126.7
2021-01-01,food_beverage,142.3,130.3,133.8,138.0,135.5,135.4,129.4,124.2,140.9,123.5,135.3,141.3,129.5,139.0,124.2,146.8
2021-01-01,furnishings,115.9,114.7,112.0,117.9,115.5,117.8,115.9,108.1,116.2,112.8,117.1,122.0,111.8,118.8,107.2,129.9
2021-01-01,health,129.9,119.0,126.7,120.0,125.9,121.5,120.7,115.3,130.4,128.9,131.9,124.2,123.9,117.8,130.5,109.3
2021-01-01,hospitality,134.0,127.8,120.0,124.7,124.7,120.8,127.3,124.0,134.3,135.3,152.6,142.0,120.2,129.1,125.7,138.2
2021-01-01,housing_utilities,123.1,123.5,116.6,124.3,120.5,117.5,114.4,112.9,123.9,107.3,110.8,126.9,114.2,127.8,119.3,115.9
2021-01-01,misc,123.7,120.3,119.2,114.9,111.2,114.7,118.9,108.9,123.2,114.2,117.0,113.5,124.2,114.0,112.8,119.5
2021-01-01,overall,125.2,119.3,121.4,120.1,122.8,120.1,118.2,115.5,124.2,113.8,120.3,125.7,118.2,124.0,116.9,122.8
2021-01-01,recreation_culture,116.4,113.6,108.0,113.5,115.6,107.6,109.3,115.5,111.3,116.8,122.4,115.2,108.0,111.3,119.0,106.8
2021-01-01,transport,108.5,105.0,106.9,102.7,109.7,104.0,105.7,103.4,107.7,105.3,114.2,112.2,106.4,116.6,104.6,114.9
2021-02-01,alcohol_tobacco,172.1,174.3,183.7,169.5,170.5,176.5,167.3,183.9,165.7,172.5,147.0,168.0,183.1,165.7,132.7,183.8
2021-02-01,clothing_footwear,95.2,87.4,97.2,76.9,99.5,95.0,91.9,90.1,90.9,91.3,90.0,98.8,92.9,86.2,89.0,87.2
2021-02-01,communication,98.0,98.9,99.4,97.8,102.6,104.3,101.7,102.1,96.1,99.1,96.0,96.4,97.6,91.9,100.3,96.6
2021-02-01,education,127.2,108.5,130.5,131.0,114.8,120.3,114.5,126.0,119.4,112.1,114.2,122.5,126.7,127.6,130.2,126.7
2021-02-01,food_beverage,142.6,130.3,133.8,137.3,135.2,134.7,129.4,124.0,140.8,123.6,129.7,141.3,129.6,138.5,124.1,146.0
2021-02-01,furnishings,116.0,114.8,112.0,117.9,115.6,117.9,116.2,108.1,116.2,112.8,108.7,122.3,111.9,118.8,107.2,129.8
2021-02-01,health,129.8,119.2,126.6,120.6,125.8,121.5,120.7,115.3,130.0,128.4,129.3,124.7,123.8,118.0,130.3,109.3
2021-02-01,hospitality,134.0,127.7,119.9,125.3,123.9,120.5,127.2,122.9,133.8,135.3,127.7,141.9,120.1,129.1,125.7,138.2
2021-02-01,housing_utilities,123.2,123.8,116.7,124.3,120.7,117.6,114.5,112.9,124.5,107.4,108.5,127.1,114.3,128.3,119.4,121.3
2021-02-01,misc,123.4,120.1,118.8,114.8,111.2,114.6,118.5,108.8,122.9,114.1,114.8,113.1,123.6,113.0,113.0,117.5
2021-02-01,overall,125.7,119.8,121.9,120.3,123.2,120.4,118.6,115.9,124.6,114.2,116.6,126.0,118.8,124.2,117.3,124.4
2021-02-01,recreation_culture,116.4,113.7,108.1,113.5,115.7,107.7,109.3,115.5,111.3,116.9,103.7,115.3,108.0,111.3,119.1,106.8
2021-02-01,transport,111.1,107.4,110.0,104.8,112.4,107.1,108.5,107.1,110.3,108.3,114.1,114.3,109.8,118.1,107.8,115.9
2021-03-01,alcohol_tobacco,172.3,174.4,183.8,169.7,170.5,176.4,167.5,183.9,165.6,172.5,147.0,168.2,183.2,165.9,132.7,184.1
2021-03-01,clothing_footwear,95.3,87.4,97.2,76.9,99.4,95.0,91.7,90.1,90.7,91.2,90.0,98.9,92.9,86.1,89.3,87.2
2021-03-01,communication,98.0,98.9,99.3,97.8,102.6,104.3,101.7,102.1,96.1,99.1,95.9,96.4,97.5,91.9,100.3,96.6
2021-03-01,education,127.3,108.5,130.6,131.0,114.8,121.0,114.6,126.0,119.4,112.1,113.3,122.5,126.9,126.5,130.2,126.7
2021-03-01,food_beverage,142.6,130.3,133.4,137.3,135.3,134.9,129.3,123.3,140.7,123.8,129.8,141.5,129.3,138.9,124.7,146.2
2021-03-01,furnishings,116.2,115.0,112.3,118.2,115.6,118.7,116.5,108.4,116.6,113.1,108.8,124.0,112.1,119.7,107.2,129.8
2021-03-01,health,129.8,119.1,126.8,120.0,126.0,121.7,120.9,115.2,130.2,128.5,129.2,124.9,124.0,118.3,130.3,109.3
2021-03-01,hospitality,134.0,127.7,120.2,125.3,123.9,120.5,127.5,123.3,134.0,135.6,127.8,141.9,120.7,129.5,125.7,138.2
2021-03-01,housing_utilities,123.2,123.8,116.7,124.4,120.7,117.6,114.5,113.1,124.5,107.4,108.6,127.1,114.3,128.3,119.4,121.3
2021-03-01,misc,122.8,119.8,118.3,114.5,111.2,114.5,118.3,108.6,122.9,114.0,114.7,112.9,122.9,113.4,113.1,116.4
2021-03-01,overall,126.2,120.3,122.2,120.6,123.6,120.9,118.9,116.2,124.9,114.7,117.1,126.5,119.2,124.7,117.9,124.6
2021-03-01,recreation_culture,116.5,113.8,108.1,113.1,115.7,107.6,109.2,115.5,111.3,118.8,103.8,115.5,108.0,112.7,121.3,106.8
2021-03-01,transport,114.0,109.7,113.0,106.9,115.1,110.2,111.3,110.9,113.0,110.8,117.9,116.8,113.1,119.6,111.1,117.8
2021-04-01,alcohol_tobacco,172.3,174.4,183.8,169.3,170.5,176.5,167.2,183.9,166.0,172.6,147.3,168.2,183.2,166.4,132.7,184.1
2021-04-01,clothing_footwear,95.3,87.3,97.3,76.5,99.4,95.0,91.7,90.2,90.6,91.1,89.9,98.6,93.0,86.0,89.3,86.3
2021-04-01,communication,98.0,98.9,99.3,97.8,102.6,104.3,101.7,102.1,96.1,99.1,95.9,96.4,97.5,91.9,100.3,96.2
2021-04-01,education,127.3,108.6,130.7,131.2,114.8,121.0,114.6,126.0,119.5,112.1,113.3,122.5,126.9,128.1,130.2,126.7
2021-04-01,food_beverage,143.2,130.9,134.1,137.9,135.4,136.2,129.6,123.1,140.9,123.9,129.6,141.7,130.3,139.3,124.6,146.5
2021-04-01,furnishings,116.1,114.9,112.6,118.7,115.8,118.4,116.9,109.1,116.8,113.2,108.8,124.5,112.3,121.1,107.2,130.1
2021-04-01,health,129.9,119.0,126.9,119.7,126.0,121.6,120.4,115.3,129.9,128.4,129.2,125.0,124.2,118.1,130.3,109.8
2021-04-01,hospitality,134.0,127.8,120.6,126.0,124.2,120.5,127.6,123.3,134.4,135.7,128.0,141.9,121.2,130.0,125.7,136.6
2021-04-01,housing_utilities,123.2,123.8,116.7,124.4,120.7,117.6,114.5,113.2,124.5,107.4,108.6,127.2,114.3,128.3,119.4,121.3
2021-04-01,misc,123.0,119.9,118.4,114.7,111.1,114.7,118.3,108.0,122.8,114.2,114.7,113.0,123.3,113.6,113.1,116.6
2021-04-01,overall,126.4,120.5,122.5,120.8,123.6,121.3,119.0,116.2,124.9,114.9,117.1,126.6,119.6,124.9,118.0,124.5
2021-04-01,recreation_culture,116.5,113.9,108.2,113.2,115.7,107.7,109.3,115.5,111.3,119.6,103.8,115.9,108.0,112.7,122.1,106.8
2021-04-01,transport,114.2,109.8,113.0,106.9,114.9,110.3,111.3,111.0,112.8,111.1,118.3,116.8,113.2,119.4,111.8,117.0
2021-05-01,alcohol_tobacco,172.5,174.4,183.8,169.4,170.6,176.5,167.2,183.9,165.7,172.6,147.4,168.2,183.2,167.0,132.7,184.0
2021-05-01,clothing_footwear,95.1,87.2,97.1,76.2,99.4,94.9,91.6,90.5,90.6,90.9,89.7,98.6,92.9,85.9,89.3,86.3
2021-05-01,communication,98.0,98.9,99.4,97.8,102.6,104.3,101.7,102.1,96.1,99.1,95.9,96.4,97.5,91.9,100.3,96.2
2021-05-01,education,127.0,108.6,131.6,131.2,114.9,121.0,114.6,126.0,119.6,112.1,113.3,122.5,128.8,128.1,130.2,126.7
2021-05-01,food_beverage,142.8,130.9,134.4,137.6,135.1,135.2,129.4,123.3,140.3,123.5,129.5,141.7,130.6,139.1,124.1,145.9
2021-05-01,furnishings,116.2,114.9,112.7,118.9,115.9,118.9,117.0,109.9,117.1,113.3,108.9,125.1,112.6,121.1,106.9,130.0
2021-05-01,health,130.2,119.4,126.9,119.3,126.0,121.4,120.7,115.3,130.1,128.7,129.2,124.9,124.1,118.1,130.3,109.8
2021-05-01,hospitality,134.4,127.6,120.6,126.2,124.8,120.4,127.5,123.3,134.5,135.6,128.0,141.9,121.3,130.0,125.9,136.6
2021-05-01,housing_utilities,123.2,123.9,116.8,124.5,120.8,117.8,114.6,113.3,124.8,107.5,108.7,127.2,114.4,128.6,119.5,121.3
2021-05-01,misc,123.2,119.9,118.6,114.8,111.2,114.6,118.4,108.1,122.9,114.0,114.8,112.8,123.6,113.5,113.4,116.5
2021-05-01,overall,126.3,120.5,122.7,120.8,123.6,121.1,119.0,116.3,124.9,114.8,117.1,126.7,119.8,124.9,117.9,124.5
2021-05-01,recreation_culture,116.6,113.9,108.2,113.2,115.7,107.7,109.4,115.5,111.0,119.9,103.1,115.9,108.0,112.6,122.3,106.9
2021-05-01,transport,114.4,109.9,113.1,107.0,115.0,110.6,111.4,111.0,113.1,111.2,118.4,117.3,113.3,119.7,112.2,117.7
2021-06-01,alcohol_tobacco,172.5,174.4,183.8,169.4,170.6,176.6,167.4,183.9,165.6,172.6,147.4,168.4,183.2,167.0,132.7,184.3
2021-06-01,clothing_footwear,95.1,87.2,97.1,76.2,99.4,94.9,91.6,90.5,90.6,90.9,89.7,98.6,92.9,85.9,89.3,86.3
2021-06-01,communication,98.0,98.9,99.4,97.8,102.6,104.3,101.7,102.1,96.1,99.1,95.9,96.4,97.5,91.9,100.3,96.2
2021-06-01,education,127.0,108.6,131.6,131.2,114.9,121.0,114.6,126.0,119.6,112.1,113.3,122.5,128.8,128.1,130.2,126.7
2021-06-01,food_beverage,143.3,130.9,134.4,138.0,135.4,135.8,129.9,123.5,140.5,123.9,129.6,142.3,130.6,139.3,124.3,146.7
2021-06-01,furnishings,116.3,114.9,112.7,119.0,115.9,118.9,117.1,109.9,117.3,113.3,109.0,125.1,112.6,121.2,106.9,130.0
2021-06-01,health,130.2,119.4,126.9,119.5,126.0,121.4,120.7,115.3,130.3,128.8,129.1,125.1,124.1,118.3,130.3,109.8
2021-06-01,hospitality,134.4,127.6,120.6,126.2,125.2,120.4,127.5,123.3,134.5,135.6,128.0,141.9,121.3,130.0,125.9,136.6
2021-06-01,housing_utilities,123.2,123.9,116.8,124.5,120.8,117.8,114.6,113.3,124.8,107.5,108.7,127.2,114.4,128.6,119.5,121.3
2021-06-01,misc,123.1,119.9,118.7,114.7,111.2,114.8,118.5,107.9,123.1,114.0,114.9,112.9,123.6,113.7,113.4,116.8
2021-06-01,overall,126.5,120.5,122.7,120.9,123.6,121.3,119.2,116.4,124.9,114.8,117.1,126.8,119.8,124.9,118.1,124.5
2021-06-01,recreation_culture,116.6,113.9,108.2,113.2,115.7,107.7,109.5,115.5,111.0,119.9,103.1,115.9,108.0,112.6,122.3,106.9
2021-06-01,transport,114.4,109.9,113.1,106.9,114.7,110.6,111.4,111.0,112.7,110.9,118.5,117.0,113.3,119.1,112.7,116.8
2021-07-01,alcohol_tobacco,172.5,174.4,183.8,169.4,170.6,176.6,167.6,183.9,165.6,172.6,147.4,168.4,183.2,166.1,132.7,184.3
2021-07-01,clothing_footwear,95.1,87.2,97.1,76.2,99.4,94.9,91.6,90.5,90.6,90.9,89.7,98.6,92.9,85.9,89.3,86.3
2021-07-01,communication,98.0,98.9,99.4,97.8,102.6,104.3,101.7,102.1,96.1,99.1,95.9,96.4,97.5,91.9,100.3,96.2
2021-07-01,education,127.0,108.6,131.6,131.2,114.9,121.0,114.6,126.0,119.6,112.1,113.3,122.5,128.8,128.1,130.2,126.7
2021-07-01,food_beverage,143.2,130.9,134.1,138.0,135.8,135.8,130.2,124.1,140.6,123.9,129.7,142.4,129.9,139.1,124.8,146.6
2021-07-01,furnishings,116.3,114.9,112.7,119.1,115.9,118.9,117.2,109.9,117.1,113.4,109.0,125.2,112.5,121.2,106.9,130.0
2021-07-01,health,130.2,119.5,126.9,119.5,126.0,121.4,121.0,115.5,129.9,128.7,129.1,125.0,124.2,118.3,130.3,109.8
2021-07-01,hospitality,134.4,127.8,120.6,126.2,125.3,120.4,128.0,123.3,134.5,135.6,128.0,142.1,121.3,130.0,125.9,136.6
2021-07-01,housing_utilities,120.0,119.0,112.4,119.9,116.1,113.2,110.1,109.0,122.1,105.2,108.7,124.2,110.6,126.3,116.4,119.8
2021-07-01,misc,123.1,119.8,118.7,114.8,111.2,114.8,118.5,108.1,123.0,114.0,114.8,112.9,123.7,113.7,113.4,116.9
2021-07-01,overall,125.7,119.7,121.8,120.2,122.8,120.4,118.4,115.8,124.2,114.2,117.2,126.2,119.0,124.3,117.4,124.3
2021-07-01,recreation_culture,116.6,113.9,108.2,113.2,115.7,107.7,109.5,115.5,111.0,119.9,103.0,115.9,108.0,112.6,122.3,106.9
2021-07-01,transport,114.7,110.0,113.4,107.4,115.0,110.8,111.6,111.1,113.2,110.8,118.6,117.5,113.7,119.9,112.8,118.1
2021-08-01,alcohol_tobacco,172.5,174.4,183.8,169.4,170.6,176.7,167.6,183.9,165.7,172.6,147.4,168.4,183.2,166.4,132.7,184.3
2021-08-01,clothing_footwear,95.2,87.2,97.1,76.2,99.4,94.9,91.6,90.5,90.6,90.9,89.7,98.6,92.9,85.9,89.3,86.3
2021-08-01,communication,98.0,98.9,99.4,97.8,102.6,104.3,101.7,102.1,96.1,99.1,95.9,96.4,97.5,91.9,100.3,96.2
2021-08-01,education,125.6,108.6,131.5,131.2,114.9,121.0,114.6,126.0,119.6,112.1,113.3,122.5,128.7,128.1,130.2,126.7
2021-08-01,food_beverage,143.2,131.1,134.1,138.5,136.0,135.7,130.2,124.2,140.7,124.0,129.8,142.4,129.7,139.4,125.0,147.6
2021-08-01,furnishings,116.3,114.9,112.6,119.1,115.9,118.9,117.2,109.9,117.1,113.4,109.0,125.1,112.5,121.2,106.9,130.0
2021-08-01,health,130.2,119.5,126.9,119.0,126.1,121.4,120.8,115.4,129.8,128.7,129.1,125.0,124.2,118.5,130.3,109.8
2021-08-01,hospitality,134.5,127.8,120.6,126.2,125.3,120.5,128.1,122.0,134.5,135.6,128.2,142.1,121.3,130.0,125.9,136.6
2021-08-01,housing_utilities,120.0,119.3,112.5,119.9,116.0,113.2,110.1,109.0,122.3,105.2,108.8,124.4,110.6,126.3,116.4,119.8
2021-08-01,misc,123.4,119.8,118.7,114.6,111.3,114.8,118.5,107.9,123.0,114.1,114.8,112.8,123.8,113.7,113.6,116.7
2021-08-01,overall,125.7,119.8,121.8,120.2,122.9,120.3,118.4,115.8,124.2,114.2,117.2,126.2,118.9,124.4,117.4,124.3
2021-08-01,recreation_culture,116.6,113.9,108.2,113.2,115.8,107.7,109.5,115.5,111.0,119.9,103.1,115.9,108.0,112.6,122.3,106.9
2021-08-01,transport,114.7,110.0,113.4,107.2,115.0,110.7,111.5,111.2,113.0,110.7,118.7,117.3,113.7,119.7,112.7,117.3
2021-09-01,alcohol_tobacco,172.5,174.4,183.8,169.4,170.6,176.7,167.6,183.9,165.6,172.6,147.4,168.5,183.3,166.7,132.7,184.3
2021-09-01,clothing_footwear,95.1,87.0,97.1,76.2,99.4,94.9,91.4,90.5,90.6,90.9,89.7,98.6,92.9,85.9,89.3,86.3
2021-09-01,communication,98.0,98.9,99.3,97.8,102.6,104.3,101.7,102.1,96.1,99.1,95.9,96.4,97.5,91.9,100.3,96.2
2021-09-01,education,125.6,108.6,131.5,131.2,114.9,121.0,114.6,126.0,119.6,112.1,113.3,122.5,128.7,128.1,130.2,126.7
2021-09-01,food_beverage,144.5,131.5,134.8,139.8,136.9,137.2,131.5,125.6,141.2,124.1,130.0,143.2,130.7,139.9,125.0,150.7
2021-09-01,furnishings,116.3,114.9,112.7,118.8,115.9,118.9,117.2,110.0,117.5,113.4,109.0,125.2,112.5,121.6,107.0,129.9
2021-09-01,health,130.0,119.5,127.0,119.5,126.1,121.0,120.9,115.3,130.0,128.6,129.1,125.2,124.3,118.5,130.3,109.8
2021-09-01,hospitality,134.5,127.8,120.9,125.7,125.3,120.5,128.2,122.1,134.2,135.6,128.4,142.0,121.8,128.2,125.9,141.5
2021-09-01,housing_utilities,120.0,119.3,112.5,119.9,116.0,113.2,110.1,109.0,122.3,105.2,108.8,124.5,110.7,126.3,116.4,119.8
2021-09-01,misc,123.6,119.8,118.8,114.9,111.2,115.1,118.8,108.5,123.2,114.2,114.8,113.0,123.7,113.6,113.6,116.7
2021-09-01,overall,126.0,119.9,122.1,120.6,123.2,120.8,118.8,116.3,124.4,114.2,117.3,126.4,119.3,124.5,117.4,125.1
2021-09-01,recreation_culture,116.6,113.9,108.2,113.4,115.7,107.7,109.5,115.5,111.0,120.0,103.1,115.9,108.0,112.6,122.3,107.0
2021-09-01,transport,114.6,110.0,113.4,107.3,115.2,110.9,111.5,111.2,113.2,110.7,118.7,117.3,113.8,119.7,112.8,117.0
2021-10-01,alcohol_tobacco,172.5,174.4,183.8,169.3,170.7,176.8,167.7,183.9,165.6,172.7,147.5,168.6,183.3,165.1,132.7,184.4
2021-10-01,clothing_footwear,95.2,87.0,97.1,76.2,99.4,94.9,91.4,90.3,90.6,90.9,89.6,98.6,92.8,85.3,89.1,86.3
2021-10-01,communication,98.0,98.9,99.3,97.8,102.6,104.3,101.7,102.1,96.1,99.1,95.9,96.4,97.5,91.9,100.3,96.2
2021-10-01,education,125.6,108.6,131.5,131.2,114.9,121.0,114.6,126.0,119.6,112.1,113.2,122.7,128.7,128.1,130.2,126.7
2021-10-01,food_beverage,144.6,131.7,135.2,139.8,137.4,137.2,131.6,125.4,141.5,124.3,130.2,144.0,131.2,139.7,125.2,150.7
2021-10-01,furnishings,116.4,114.9,113.0,119.0,116.8,119.1,117.4,110.3,117.7,113.6,109.0,126.5,112.8,121.5,106.6,130.0
2021-10-01,health,130.0,119.5,127.2,118.8,126.4,120.8,121.4,115.9,130.2,128.8,129.2,124.9,124.5,118.4,130.3,109.8
2021-10-01,hospitality,134.5,128.0,120.8,126.6,125.6,120.4,128.4,122.6,134.3,136.0,128.5,142.8,121.7,128.9,126.9,141.6
2021-10-01,housing_utilities,123.2,124.2,116.9,124.6,120.8,117.7,114.9,113.3,125.0,107.5,108.8,127.5,114.5,128.7,119.5,121.3
2021-10-01,misc,123.7,119.7,118.8,116.0,111.3,115.2,118.9,109.0,123.0,114.6,114.7,113.7,123.9,114.3,112.5,116.5
2021-10-01,overall,126.9,120.9,123.1,121.6,124.3,121.8,119.8,117.2,125.3,115.0,117.3,127.6,120.2,125.0,118.3,125.6
2021-10-01,recreation_culture,116.5,113.6,108.2,113.0,115.1,107.6,109.1,115.6,110.6,119.7,100.5,116.0,108.0,111.6,122.0,107.0
2021-10-01,transport,114.9,110.4,113.7,107.6,115.1,111.0,111.7,111.3,113.2,110.9,118.9,117.5,114.3,119.7,113.3,117.5
2021-11-01,alcohol_tobacco,172.7,174.4,183.9,169.6,170.8,176.7,167.8,183.9,166.1,172.7,147.5,168.6,183.4,165.6,132.7,184.3
2021-11-01,clothing_footwear,95.2,87.0,97.1,76.2,99.3,94.9,91.4,90.1,90.5,90.9,89.6,98.6,92.8,84.9,89.2,86.3
2021-11-01,communication,98.0,98.9,99.3,97.7,102.6,104.3,101.7,102.1,96.1,99.1,95.9,96.4,97.5,91.9,100.3,96.2
2021-11-01,education,125.9,108.6,131.5,131.2,114.9,121.0,114.6,126.0,119.6,112.1,114.1,122.7,128.7,128.1,130.2,126.7
2021-11-01,food_beverage,145.6,132.5,135.7,140.5,137.9,137.7,132.1,126.4,143.2,124.5,130.5,145.2,131.8,140.9,125.6,151.5
2021-11-01,furnishings,117.2,115.0,113.4,120.7,117.0,119.1,117.8,110.4,118.4,113.7,109.0,127.1,113.1,121.5,106.9,129.7
2021-11-01,health,129.2,119.1,127.1,119.5,126.5,120.7,121.7,117.5,129.9,128.9,129.2,125.2,124.4,118.2,130.3,109.8
2021-11-01,hospitality,134.1,128.2,121.1,128.3,125.4,120.8,128.7,122.6,135.7,136.4,128.5,143.3,122.2,129.1,126.9,143.0
2021-11-01,housing_utilities,123.2,124.2,117.0,124.9,121.3,117.9,115.3,113.4,125.1,107.6,108.9,128.0,114.6,128.9,119.3,121.3
2021-11-01,misc,124.0,119.9,119.2,116.0,111.2,115.3,119.2,109.0,123.3,114.7,114.7,113.9,124.3,114.5,112.8,116.7
2021-11-01,overall,127.3,121.2,123.4,122.0,124.6,122.0,120.2,117.6,125.8,115.2,117.5,128.1,120.5,125.4,118.6,125.8
2021-11-01,recreation_culture,116.9,113.5,108.3,112.9,115.1,107.7,109.0,115.6,110.8,119.6,100.3,116.0,108.2,111.6,122.1,107.0
2021-11-01,transport,115.6,110.7,113.9,107.6,115.3,111.2,112.0,111.4,113.6,111.3,119.3,117.7,114.5,119.8,114.8,117.4
2021-12-01,alcohol_tobacco,172.8,174.6,183.9,170.0,170.9,176.8,167.7,183.9,165.7,172.7,147.5,168.5,183.4,165.6,132.7,184.2
2021-12-01,clothing_footwear,95.2,86.9,97.2,75.8,99.2,94.7,91.3,90.1,90.5,90.9,89.6,98.8,92.8,84.9,89.3,86.3
2021-12-01,communication,98.0,98.9,99.3,97.7,102.6,104.3,101.7,102.1,96.1,99.1,95.9,96.4,97.4,91.9,100.3,96.2
2021-12-01,education,126.0,108.6,131.5,131.2,114.9,121.0,114.6,126.0,119.6,112.1,114.1,122.7,128.7,128.2,130.2,126.7
2021-12-01,food_beverage,147.1,133.9,137.3,141.0,138.8,139.3,133.4,128.0,144.9,125.1,131.4,147.0,132.9,142.1,126.4,154.3
2021-12-01,furnishings,117.3,116.1,113.9,120.7,117.2,119.5,117.8,111.0,118.6,113.9,109.1,127.5,113.7,122.0,106.9,129.8
2021-12-01,health,129.2,119.5,127.4,119.0,126.7,120.8,121.9,117.2,129.7,129.0,129.3,125.2,124.6,117.7,131.9,109.8
2021-12-01,hospitality,134.3,129.3,122.1,129.4,126.0,121.3,129.5,124.1,137.8,137.2,129.0,143.6,123.4,129.3,123.1,144.2
2021-12-01,housing_utilities,123.2,124.3,117.1,124.9,121.3,117.9,115.3,113.6,125.1,107.6,108.9,128.1,114.6,128.9,119.3,121.3
2021-12-01,misc,124.2,120.1,119.4,115.9,111.3,115.5,119.2,108.8,123.2,114.8,114.6,114.3,124.6,114.9,113.1,117.3
2021-12-01,overall,127.7,121.9,124.1,122.2,124.9,122.5,120.7,118.3,126.4,115.4,117.9,128.7,121.0,125.6,118.8,126.4
2021-12-01,recreation_culture,117.1,114.2,108.5,113.1,115.4,107.8,109.5,116.4,111.3,119.6,103.2,116.3,108.5,110.4,122.0,107.1
2021-12-01,transport,115.6,111.1,114.1,107.8,115.1,111.5,112.4,111.4,113.6,111.6,119.6,118.0,114.6,119.4,115.0,117.4
2022-01-01,alcohol_tobacco,172.8,174.9,184.0,169.9,170.9,176.9,167.8,183.9,166.2,172.8,147.5,168.7,183.6,166.2,132.7,185.0
2022-01-01,clothing_footwear,95.3,87.0,97.4,75.9,99.3,94.8,91.5,90.1,90.8,91.0,89.3,98.8,93.0,84.3,89.1,85.8
2022-01-01,communication,98.0,98.9,99.3,97.7,102.6,104.3,101.7,102.1,96.1,99.1,95.9,96.5,97.4,91.9,99.7,96.2
2022-01-01,education,126.1,108.9,131.6,131.2,115.1,121.0,114.7,126.0,121.4,112.2,114.3,123.9,128.7,128.2,130.2,126.7
2022-01-01,food_beverage,148.0,134.2,137.7,142.0,138.9,139.3,134.0,128.1,145.6,126.7,132.2,148.2,133.8,143.0,127.3,155.3
2022-01-01,furnishings,117.7,116.7,114.4,121.4,117.5,119.9,118.6,111.6,118.5,114.6,109.6,128.3,113.9,123.1,106.6,131.7
2022-01-01,health,129.6,120.1,127.6,119.8,126.8,120.9,122.1,117.1,130.4,129.2,127.9,125.3,124.8,117.8,131.9,109.8
2022-01-01,hospitality,134.8,130.9,122.9,130.1,126.6,121.4,130.3,125.1,138.2,139.0,130.1,144.2,124.0,134.3,124.8,144.3
2022-01-01,housing_utilities,123.2,124.3,117.1,124.9,121.3,118.0,115.5,113.6,125.1,107.6,109.0,128.2,114.7,128.9,119.3,121.3
2022-01-01,misc,124.1,120.2,119.4,116.1,111.4,115.7,119.3,108.9,123.6,115.0,114.8,114.4,124.6,116.1,113.2,118.8
2022-01-01,overall,128.0,122.1,124.3,122.5,125.0,122.6,121.1,118.5,126.7,116.0,118.3,129.3,121.4,126.2,119.1,128.2
2022-01-01,recreation_culture,117.3,114.7,108.5,113.8,116.0,108.0,110.3,116.7,112.7,120.1,105.8,117.3,108.6,111.4,122.4,107.1
2022-01-01,transport,115.7,111.2,114.2,107.7,115.0,111.6,112.7,111.4,113.8,111.5,119.3,118.9,114.9,120.1,114.9,126.8
2022-02-01,alcohol_tobacco,172.8,174.9,184.0,170.0,170.9,176.9,167.8,183.9,166.7,172.7,147.6,168.7,183.6,166.2,132.7,185.1
2022-02-01,clothing_footwear,95.2,86.9,97.5,75.9,99.3,94.9,91.5,90.6,90.6,91.0,89.3,99.0,93.2,84.8,89.1,87.3
2022-02-01,communication,98.0,98.9,99.3,97.7,102.6,104.3,101.7,102.1,96.1,99.1,95.9,96.5,97.4,91.9,99.7,96.2
2022-02-01,education,126.1,109.0,131.6,131.2,115.1,121.2,114.7,126.0,121.6,112.2,114.3,124.2,128.7,128.2,130.2,125.9
2022-02-01,food_beverage,147.9,134.4,137.9,141.9,139.3,139.1,134.0,128.7,145.9,127.3,133.2,148.5,134.2,143.2,128.0,156.3
2022-02-01,furnishings,117.8,116.9,114.5,121.7,117.7,120.8,118.8,111.7,118.6,114.6,109.8,129.1,114.1,123.1,106.7,131.6
2022-02-01,health,129.6,120.2,128.0,119.8,126.9,121.6,122.1,117.6,130.5,129.5,128.2,125.7,125.0,117.8,131.9,111.2
2022-02-01,hospitality,135.0,131.8,123.4,130.3,127.6,121.8,130.5,127.6,139.5,140.0,130.7,144.9,124.6,134.1,124.9,144.9
2022-02-01,housing_utilities,123.5,125.0,117.2,125.3,121.6,118.2,115.6,114.5,125.6,107.9,109.1,128.3,114.9,129.7,119.3,131.3
2022-02-01,misc,124.1,120.5,119.8,116.3,111.6,115.9,119.5,109.4,124.1,115.2,115.0,114.8,125.2,116.2,113.0,122.0
2022-02-01,overall,128.1,122.4,124.5,122.7,125.4,122.7,121.2,119.0,127.1,116.3,118.9,129.6,121.7,126.5,119.3,131.7
2022-02-01,recreation_culture,117.5,115.8,108.8,114.8,117.4,108.3,111.4,117.2,113.6,119.5,109.1,117.6,109.3,111.0,122.0,107.2
2022-02-01,transport,116.1,111.2,114.4,107.6,115.3,111.7,113.1,111.6,114.0,111.9,119.7,119.3,115.2,120.1,115.7,126.4
2022-03-01,alcohol_tobacco,173.0,174.9,184.0,170.0,170.8,177.0,168.0,183.9,167.3,172.8,147.5,168.8,183.6,168.0,132.7,185.2
2022-03-01,clothing_footwear,95.0,86.8,97.4,75.8,99.7,95.1,91.6,90.6,90.6,90.9,89.4,99.0,93.2,84.3,89.1,87.3
2022-03-01,communication,98.0,98.9,99.3,97.7,102.6,104.3,101.7,102.1,96.1,99.0,95.9,96.4,97.4,91.9,99.7,96.2
2022-03-01,education,126.3,109.0,131.7,131.2,115.1,120.7,114.8,126.0,122.0,112.3,114.3,124.3,128.8,128.1,130.2,125.9
2022-03-01,food_beverage,148.6,134.6,138.4,142.2,139.7,139.8,134.6,129.0,146.7,126.8,133.6,149.0,134.6,143.3,127.5,156.4
2022-03-01,furnishings,118.9,117.4,114.7,121.8,117.9,121.1,119.6,112.4,119.0,114.6,110.0,129.6,114.5,123.4,106.9,131.6
2022-03-01,health,129.3,120.3,128.1,119.8,126.9,121.2,122.3,117.7,130.7,129.6,127.8,125.6,125.1,115.2,131.9,111.2
2022-03-01,hospitality,136.7,131.9,123.6,130.5,127.7,122.6,130.7,128.0,140.5,140.9,131.1,145.1,124.8,134.9,125.5,144.9
2022-03-01,housing_utilities,123.5,125.0,117.2,125.3,121.6,118.2,115.6,114.5,125.6,107.9,109.1,128.4,114.9,129.7,119.3,131.3
2022-03-01,misc,124.8,120.9,121.0,116.8,112.0,116.1,120.3,109.6,124.6,115.5,115.5,115.6,127.0,116.5,113.9,122.0
2022-03-01,overall,128.7,122.6,124.8,122.9,125.6,123.1,121.5,119.2,127.6,116.3,119.1,130.1,122.1,126.9,119.6,132.1
2022-03-01,recreation_culture,117.7,115.1,108.7,114.3,116.8,108.5,110.9,117.3,113.2,119.5,107.5,117.7,108.9,111.1,122.5,107.2
2022-03-01,transport,117.7,111.9,114.9,107.9,116.3,112.5,113.4,111.9,115.5,112.7,120.5,121.2,115.9,122.1,118.3,128.6
2022-04-01,alcohol_tobacco,173.5,174.8,184.1,169.9,170.8,177.0,168.1,183.9,167.1,172.8,147.5,168.9,183.6,168.0,132.7,185.2
2022-04-01,clothing_footwear,95.0,86.9,97.5,75.0,99.7,95.2,91.6,90.6,90.7,90.8,89.5,98.9,93.4,84.9,89.1,87.1
2022-04-01,communication,98.0,98.9,99.3,97.7,102.6,104.3,101.7,102.1,96.0,99.0,95.9,96.4,97.4,91.9,99.7,96.2
2022-04-01,education,126.7,109.4,131.9,131.2,115.1,120.8,114.8,126.0,122.1,113.5,114.7,124.5,128.9,128.1,130.2,130.5
2022-04-01,food_beverage,149.2,134.8,138.8,142.5,140.0,140.0,135.0,129.4,147.1,127.2,133.8,149.8,134.9,143.9,128.0,156.8
2022-04-01,furnishings,119.2,117.7,115.0,121.9,117.9,121.5,119.9,112.5,119.1,114.6,110.1,129.9,114.7,123.2,107.2,132.9
2022-04-01,health,129.3,120.2,128.3,119.5,127.0,121.1,122.4,118.0,130.6,130.0,128.0,126.2,125.2,114.8,131.9,111.2
2022-04-01,hospitality,137.6,132.3,123.6,130.9,127.7,122.4,131.3,128.0,141.2,141.8,131.7,146.0,124.8,134.4,126.4,154.1
2022-04-01,housing_utilities,123.5,125.0,117.2,125.3,121.6,118.2,115.6,114.6,125.6,108.0,109.1,128.4,114.9,129.7,119.3,131.3
2022-04-01,misc,125.1,121.1,121.0,117.0,112.1,116.2,120.2,109.8,124.6,115.7,115.6,115.6,126.8,116.3,113.9,121.9
2022-04-01,overall,129.0,122.8,125.0,123.0,125.8,123.3,121.8,119.4,127.8,116.5,119.3,130.5,122.3,127.1,119.9,132.7
2022-04-01,recreation_culture,118.3,115.2,109.0,114.4,116.6,108.8,111.2,117.2,113.4,118.9,107.2,118.9,109.4,111.3,121.8,107.4
2022-04-01,transport,118.1,112.3,115.2,108.1,116.6,113.0,114.0,112.0,116.0,113.3,121.3,121.7,116.3,123.0,119.3,129.5
2022-05-01,alcohol_tobacco,173.6,174.8,184.1,170.1,170.9,177.0,168.0,183.9,166.6,173.0,147.3,168.9,183.7,168.5,132.7,185.3
2022-05-01,clothing_footwear,95.3,86.7,97.4,74.4,99.9,95.1,91.7,90.7,90.7,90.9,89.5,99.3,93.2,84.3,89.1,87.3
2022-05-01,communication,98.0,98.9,99.3,97.7,102.6,104.3,101.7,102.1,96.0,99.0,95.9,96.4,97.4,91.9,99.7,96.2
2022-05-01,education,126.7,109.4,131.9,131.2,115.1,120.8,114.8,126.0,122.1,113.5,114.7,124.5,128.9,128.1,130.2,130.5
2022-05-01,food_beverage,151.3,135.4,140.0,143.1,141.3,141.1,136.1,129.7,148.4,128.3,134.7,151.2,135.9,145.5,128.8,158.1
2022-05-01,furnishings,120.3,117.8,115.5,122.4,118.4,122.3,120.5,112.5,119.8,115.0,110.8,130.4,115.1,123.6,107.2,133.0
2022-05-01,health,129.7,120.3,128.4,119.7,127.4,121.1,122.5,118.0,130.7,130.3,128.1,126.2,125.4,115.8,131.9,111.2
2022-05-01,hospitality,138.7,132.5,123.7,131.7,129.1,122.5,132.6,128.0,141.8,142.9,132.5,145.6,124.7,137.5,126.7,168.9
2022-05-01,housing_utilities,123.7,125.1,117.3,125.4,121.8,118.5,115.8,114.9,125.8,108.7,109.7,129.3,114.9,129.7,120.1,131.3
2022-05-01,misc,125.0,120.9,120.9,116.7,112.1,116.4,120.3,109.9,124.2,115.7,115.9,115.7,126.7,117.1,113.5,123.1
2022-05-01,overall,130.0,123.1,125.6,123.3,126.4,123.9,122.3,119.7,128.4,117.3,119.9,131.4,122.8,127.9,120.6,133.9
2022-05-01,recreation_culture,118.7,115.2,109.1,114.3,116.5,108.8,111.3,117.2,113.4,119.3,107.0,120.1,109.7,111.2,122.1,107.4
2022-05-01,transport,120.1,112.8,115.8,108.7,117.6,114.1,114.3,112.3,117.6,114.2,122.2,123.3,117.1,125.0,121.7,132.0
2022-06-01,alcohol_tobacco,173.8,174.9,184.1,170.1,170.9,177.0,168.1,183.9,166.6,172.9,147.2,169.0,183.7,168.5,132.7,185.6
2022-06-01,clothing_footwear,95.6,86.8,97.6,74.6,99.7,95.3,91.8,90.4,90.9,91.1,89.8,99.5,93.5,84.3,88.6,87.3
2022-06-01,communication,98.0,98.8,99.3,97.7,102.6,104.3,101.7,102.1,96.0,99.0,95.9,96.4,97.4,91.9,99.7,96.2
2022-06-01,education,127.0,109.4,131.9,131.2,115.1,120.8,115.0,126.0,122.3,113.7,114.7,124.6,128.9,128.1,130.2,130.5
2022-06-01,food_beverage,153.7,136.1,141.4,144.7,142.9,142.7,137.6,131.0,150.1,129.7,136.7,153.0,137.6,146.8,129.3,158.7
2022-06-01,furnishings,121.4,118.4,115.7,122.9,118.7,123.2,120.6,112.5,120.8,115.7,111.1,130.9,115.4,123.7,107.2,133.6
2022-06-01,health,129.9,120.2,128.5,120.3,127.4,121.2,123.0,117.2,130.8,130.6,128.3,126.6,125.5,115.3,131.9,111.2
2022-06-01,hospitality,140.6,133.7,124.2,133.0,129.7,122.6,134.0,130.6,142.6,144.8,134.3,148.3,125.3,139.1,129.0,172.5
2022-06-01,housing_utilities,123.7,125.1,117.3,125.5,121.8,118.6,115.9,114.9,125.8,108.7,109.7,129.3,114.9,130.0,120.1,131.3
2022-06-01,misc,126.0,121.7,121.3,116.7,112.3,116.6,120.4,111.2,124.7,116.0,116.2,116.1,127.3,117.9,113.3,123.0
2022-06-01,overall,131.2,123.6,126.2,123.9,127.2,124.5,123.0,120.3,129.2,118.0,120.8,132.2,123.5,128.8,121.0,134.6
2022-06-01,recreation_culture,119.8,115.8,109.1,115.3,117.5,109.1,112.2,118.0,114.1,118.7,108.1,120.2,109.8,112.2,121.5,107.3
2022-06-01,transport,122.1,113.6,116.4,109.1,119.0,114.9,114.8,112.7,119.6,115.7,123.4,124.9,117.9,127.6,124.6,135.2
2022-07-01,alcohol_tobacco,173.8,175.0,184.2,170.3,171.0,177.0,168.4,183.9,166.9,173.0,147.2,169.6,183.8,168.8,132.7,186.0
2022-07-01,clothing_footwear,96.0,86.8,97.7,74.6,99.8,94.9,91.9,90.5,91.0,91.3,89.9,99.7,93.6,83.5,88.6,87.5
2022-07-01,communication,98.0,98.8,99.2,97.7,102.6,104.2,101.7,102.1,96.0,99.0,95.9,96.4,97.3,91.9,99.7,96.2
2022-07-01,education,127.0,109.4,132.0,131.2,115.1,121.0,115.1,126.0,122.6,113.8,116.1,124.7,128.9,128.1,130.2,130.5
2022-07-01,food_beverage,154.2,136.6,141.5,146.1,143.7,143.8,138.4,131.0,151.4,131.7,138.1,154.4,137.9,147.3,129.6,160.4
2022-07-01,furnishings,122.3,118.9,116.3,123.3,119.0,124.3,121.9,112.9,121.2,116.4,111.7,131.5,116.1,124.3,107.6,134.4
2022-07-01,health,130.6,120.5,128.7,121.2,127.4,121.4,124.1,116.9,130.9,131.1,128.8,126.8,125.7,115.5,131.9,111.2
2022-07-01,hospitality,142.2,134.5,125.0,133.6,130.6,125.3,135.1,131.3,143.3,147.4,136.2,149.5,126.4,138.5,131.0,174.0
2022-07-01,housing_utilities,123.8,125.1,117.4,125.5,121.8,118.6,115.9,114.9,125.8,108.7,109.8,129.3,114.9,130.0,120.1,131.3
2022-07-01,misc,126.1,121.5,120.4,117.2,112.1,116.6,120.3,111.1,124.6,116.0,116.6,116.2,126.0,117.5,113.4,120.9
2022-07-01,overall,131.6,123.9,126.4,124.6,127.5,125.1,123.5,120.4,129.6,118.7,121.4,132.8,123.7,129.0,121.2,135.2
2022-07-01,recreation_culture,120.3,115.9,109.1,115.6,117.7,109.1,112.5,119.2,114.3,119.4,107.9,120.5,109.6,112.6,122.0,107.8
2022-07-01,transport,122.7,114.1,117.0,110.1,119.4,115.6,115.8,113.0,120.2,116.0,123.8,125.4,118.6,128.3,124.2,137.1
2022-08-01,alcohol_tobacco,173.9,175.2,184.2,170.5,171.0,177.0,168.5,183.9,166.9,173.0,147.2,169.6,183.8,169.2,132.7,186.0
2022-08-01,clothing_footwear,96.1,86.8,97.9,74.6,99.9,95.1,92.0,90.4,91.1,91.3,90.0,99.8,93.6,83.2,88.9,87.5
2022-08-01,communication,98.0,98.8,99.2,97.7,102.6,104.2,101.7,102.1,96.0,99.0,95.9,96.4,97.3,91.9,99.7,95.8
2022-08-01,education,127.1,109.4,132.0,131.2,115.1,121.0,115.2,126.0,122.6,114.5,116.1,124.7,128.9,128.1,130.2,130.5
2022-08-01,food_beverage,154.4,136.6,141.2,146.1,144.0,144.5,139.0,130.6,151.4,132.2,138.9,155.4,137.5,147.9,129.3,160.5
2022-08-01,furnishings,123.2,119.0,116.4,123.9,119.4,124.9,122.1,113.8,120.9,116.6,112.4,132.1,116.2,124.7,108.1,134.5
2022-08-01,health,130.0,121.3,128.6,121.1,127.6,120.9,125.1,117.1,131.4,131.1,127.8,127.0,125.6,115.3,131.9,111.2
2022-08-01,hospitality,143.4,135.0,125.5,133.6,131.4,125.5,136.0,131.3,143.7,149.2,137.0,150.2,126.7,140.0,131.0,174.0
2022-08-01,housing_utilities,124.4,125.3,117.4,126.5,122.2,119.1,116.1,115.2,126.5,109.7,110.1,129.8,115.0,130.6,120.1,131.3
2022-08-01,misc,126.4,121.6,121.1,117.6,112.3,116.9,120.2,111.5,124.8,116.1,116.6,116.2,126.9,118.9,113.1,120.1
2022-08-01,overall,131.8,123.9,126.3,124.8,127.7,125.4,123.8,120.4,129.7,119.1,121.8,133.2,123.6,129.4,121.0,134.9
2022-08-01,recreation_culture,120.5,115.9,109.1,115.3,117.3,109.1,112.4,119.9,114.2,119.3,108.4,120.6,109.7,114.2,121.8,107.6
2022-08-01,transport,122.1,113.9,116.8,109.8,119.0,115.7,116.0,112.8,119.2,115.3,123.4,124.9,118.1,126.9,122.9,135.0
2022-09-01,alcohol_tobacco,174.0,175.2,184.2,170.6,171.2,177.1,168.4,183.9,167.4,173.1,147.4,169.6,183.8,169.6,132.7,186.1
2022-09-01,clothing_footwear,95.9,86.8,98.0,74.7,100.0,95.3,92.0,90.0,90.9,91.4,90.2,99.7,93.8,82.7,88.9,87.5
2022-09-01,communication,98.0,98.8,99.2,97.7,102.6,104.2,101.7,102.1,96.0,98.9,95.9,96.4,97.3,91.9,99.7,95.8
2022-09-01,education,127.2,109.5,132.1,131.2,115.1,121.6,115.2,126.0,122.6,114.5,116.2,124.8,129.0,128.1,130.2,130.5
2022-09-01,food_beverage,154.8,136.8,141.8,146.6,144.6,145.1,139.3,131.3,151.8,132.4,139.4,155.9,138.1,148.3,129.8,161.0
2022-09-01,furnishings,122.9,119.1,116.6,124.2,119.4,125.7,122.0,114.2,121.1,116.8,112.7,132.2,116.3,125.2,108.4,134.2
2022-09-01,health,130.4,121.3,128.7,121.1,127.6,122.0,125.1,117.3,131.3,131.2,127.6,127.3,125.7,114.4,131.9,111.2
2022-09-01,hospitality,144.1,135.0,125.7,133.8,131.4,127.1,136.6,131.5,143.5,149.7,137.9,150.5,127.1,140.4,130.1,178.2
2022-09-01,housing_utilities,124.4,125.3,117.4,126.5,122.2,119.1,116.1,115.2,126.5,109.7,110.1,129.8,115.0,130.6,120.1,131.3
2022-09-01,misc,126.7,121.6,120.6,117.6,112.2,117.2,120.3,110.5,124.8,116.1,116.9,116.5,126.4,118.6,113.5,121.0
2022-09-01,overall,131.9,124.0,126.5,125.1,127.9,125.8,123.9,120.6,129.8,119.1,122.0,133.4,123.8,129.5,121.0,135.2
2022-09-01,recreation_culture,120.6,115.8,109.2,115.5,117.5,109.2,112.5,119.8,114.2,119.9,109.2,121.2,109.8,114.9,122.4,107.6
2022-09-01,transport,121.6,113.9,116.7,110.6,119.2,115.8,115.9,112.7,119.2,115.2,123.4,125.6,118.0,126.7,121.5,135.2
2022-10-01,alcohol_tobacco,174.0,175.3,184.2,170.7,171.3,177.2,168.5,183.9,167.6,173.1,147.5,170.1,183.9,169.5,132.7,186.4
2022-10-01,clothing_footwear,96.1,86.9,98.0,74.6,100.0,95.4,91.9,89.2,90.9,91.3,90.2,99.6,93.8,82.7,88.9,87.5
2022-10-01,communication,98.0,98.8,99.2,97.7,102.6,104.2,101.7,102.1,96.0,98.9,95.9,96.4,97.3,92.0,99.7,95.8
2022-10-01,education,127.5,109.6,132.1,131.2,115.1,121.6,115.2,126.0,122.5,114.7,116.2,124.8,129.0,128.1,130.2,130.5
2022-10-01,food_beverage,155.1,137.3,142.3,147.6,145.0,145.7,139.9,133.1,152.3,133.2,140.3,156.7,138.9,149.4,130.3,162.2
2022-10-01,furnishings,123.2,119.4,116.6,124.3,119.5,125.6,122.2,114.3,121.5,117.0,112.8,132.5,116.5,125.2,108.8,134.8
2022-10-01,health,130.5,121.7,128.9,121.1,127.7,122.0,125.1,117.6,131.4,131.3,127.7,127.5,126.0,113.9,130.9,111.5
2022-10-01,hospitality,144.4,136.0,126.2,135.1,131.5,128.8,136.7,136.4,144.5,150.3,138.0,151.5,128.0,139.0,131.2,168.7
2022-10-01,housing_utilities,124.4,125.3,117.4,126.5,122.2,119.1,116.0,115.2,126.5,109.7,110.1,129.8,115.0,130.6,120.1,131.3
2022-10-01,misc,127.2,121.7,121.2,117.7,112.2,117.4,120.7,111.0,125.1,116.3,116.9,116.7,126.7,120.1,113.4,120.3
2022-10-01,overall,131.9,124.2,126.7,125.5,128.1,126.2,124.1,121.4,130.0,119.3,122.3,133.8,124.1,129.8,121.1,135.2
2022-10-01,recreation_culture,120.7,115.7,109.3,115.4,117.4,109.3,112.4,120.7,114.0,119.0,109.1,121.3,110.0,114.4,121.6,107.7
2022-10-01,transport,121.2,114.1,116.8,111.3,119.3,116.5,116.0,112.6,119.2,115.0,123.3,126.0,117.9,126.5,120.8,135.8
2022-11-01,alcohol_tobacco,174.3,175.5,184.2,170.7,171.5,177.2,168.6,183.9,167.7,173.1,148.4,170.0,183.9,169.5,132.7,186.4
2022-11-01,clothing_footwear,96.1,86.9,98.0,74.6,99.9,95.3,92.0,89.2,91.0,91.3,90.0,99.6,93.9,83.0,88.9,87.5
2022-11-01,communication,98.0,98.8,99.2,97.7,102.6,104.2,101.7,102.1,96.0,98.9,95.9,96.4,97.3,92.0,99.7,95.8
2022-11-01,education,129.0,109.6,132.1,131.2,115.1,121.5,115.2,126.0,122.5,114.7,116.2,124.9,129.0,128.1,130.2,130.5
2022-11-01,food_beverage,156.6,138.0,143.0,148.5,146.4,147.1,140.9,133.1,153.3,133.7,141.6,158.2,139.6,150.3,130.6,164.9
2022-11-01,furnishings,123.7,119.8,116.8,124.0,119.6,126.0,122.4,114.4,121.6,117.2,113.1,132.6,116.6,124.9,108.9,135.1
2022-11-01,health,131.6,121.3,128.9,121.6,127.7,121.9,125.1,118.0,131.5,131.3,128.9,127.9,126.0,115.1,130.9,112.1
2022-11-01,hospitality,145.7,136.1,126.5,135.4,131.8,130.0,137.4,137.0,144.9,151.2,138.7,152.0,128.6,139.9,131.3,171.6
2022-11-01,housing_utilities,124.7,125.3,117.5,126.8,122.4,119.4,116.3,115.3,126.5,109.9,110.2,129.9,115.1,131.6,121.2,131.3
2022-11-01,misc,127.7,122.0,121.9,118.0,112.5,117.8,120.9,111.1,125.1,117.0,117.1,117.2,127.8,120.4,113.7,121.5
2022-11-01,overall,132.6,124.5,127.0,125.8,128.5,126.7,124.5,121.5,130.3,119.6,123.0,134.2,124.5,130.2,121.5,135.8
2022-11-01,recreation_culture,121.2,115.5,109.3,115.2,117.2,109.4,112.2,120.6,113.8,119.7,113.5,121.2,110.0,113.8,121.9,107.8
2022-11-01,transport,121.5,114.4,116.8,111.2,119.1,116.5,116.0,112.6,119.4,114.7,123.1,125.9,118.0,126.0,120.3,134.7
2022-12-01,alcohol_tobacco,174.3,175.4,184.2,170.6,171.3,177.3,168.6,183.9,167.5,173.2,148.3,170.0,184.0,167.8,132.7,186.3
2022-12-01,clothing_footwear,96.0,87.0,98.1,74.4,99.9,95.1,92.0,89.5,90.8,91.1,90.0,99.7,94.0,83.1,88.9,87.9
2022-12-01,communication,98.0,98.8,99.2,97.7,102.6,104.2,101.7,102.0,96.0,98.9,95.9,96.3,97.3,91.9,99.7,95.8
2022-12-01,education,129.1,109.6,132.1,131.2,115.1,121.5,115.2,126.0,122.5,114.7,116.2,124.9,129.0,128.1,130.2,130.5
2022-12-01,food_beverage,157.2,138.4,143.6,149.3,147.2,147.7,141.6,133.4,154.3,134.3,142.5,159.4,140.0,150.9,131.3,165.9
2022-12-01,furnishings,123.9,119.9,116.7,124.2,119.8,126.3,122.6,114.4,121.4,117.2,113.2,132.5,116.6,125.3,108.9,135.2
2022-12-01,health,131.3,121.2,129.0,121.6,127.9,121.9,125.3,118.0,131.6,131.4,129.1,127.9,126.0,113.1,130.9,112.5
2022-12-01,hospitality,146.2,136.2,126.6,136.1,131.8,130.6,138.1,137.6,147.4,151.6,139.2,152.8,128.6,142.3,131.4,179.1
2022-12-01,housing_utilities,124.7,125.3,117.5,126.8,122.4,119.4,116.3,115.3,126.6,109.9,110.2,129.9,115.1,131.6,121.2,131.3
2022-12-01,misc,127.9,122.0,121.6,118.2,112.5,117.9,120.7,111.1,125.2,116.9,117.0,117.1,127.3,119.0,114.1,120.6
2022-12-01,overall,132.7,124.6,127.2,126.2,128.7,126.9,124.7,121.6,130.6,119.8,122.7,134.5,124.5,130.4,121.5,136.4
2022-12-01,recreation_culture,121.1,115.0,109.3,115.1,116.4,109.2,111.7,120.0,113.5,119.2,100.5,121.3,110.0,114.1,121.3,107.8
2022-12-01,transport,120.9,114.3,116.7,111.5,119.4,116.7,115.9,112.4,119.8,114.8,123.3,126.1,117.7,126.6,119.0,136.5
2023-01-01,alcohol_tobacco,174.3,175.5,184.3,170.7,171.6,177.2,168.8,183.9,167.6,173.2,148.3,170.3,184.1,170.0,132.7,186.4
2023-01-01,clothing_footwear,96.1,86.9,98.1,74.6,99.9,95.1,92.0,89.5,90.5,91.2,90.0,100.0,93.9,82.9,88.9,87.9
2023-01-01,communication,96.5,97.3,98.2,97.0,100.9,103.2,100.4,100.9,94.6,98.4,95.1,95.0,96.2,89.5,98.5,93.4
2023-01-01,education,133.3,109.6,132.1,131.8,115.1,121.7,116.2,126.0,122.5,115.0,116.2,124.9,129.0,128.2,130.2,130.5
2023-01-01,food_beverage,158.0,139.1,144.2,150.3,148.0,148.5,142.5,134.0,155.7,134.8,143.3,160.2,140.8,151.9,131.9,166.8
2023-01-01,furnishings,124.4,119.8,117.0,125.1,119.9,126.8,123.1,114.5,121.4,117.2,113.3,132.7,116.9,127.1,108.9,135.4
2023-01-01,health,132.7,121.8,129.2,121.8,127.9,122.8,125.8,118.3,132.4,131.7,129.7,128.1,126.0,113.2,132.5,112.5
2023-01-01,hospitality,146.8,136.8,127.2,137.2,132.0,130.6,140.1,139.2,147.3,152.4,140.0,153.5,129.7,142.3,135.6,172.0
2023-01-01,housing_utilities,124.8,125.3,117.5,126.8,122.4,119.4,116.3,115.5,126.8,109.9,110.3,130.0,115.1,131.8,121.2,131.3
2023-01-01,misc,128.3,122.3,122.0,118.4,112.5,118.1,121.6,111.6,125.5,117.1,117.5,117.5,127.9,119.0,114.2,118.8
2023-01-01,overall,132.9,124.8,127.4,126.5,128.9,127.2,125.4,121.9,130.9,119.8,123.4,134.7,124.7,130.4,121.6,135.8
2023-01-01,recreation_culture,121.4,115.7,109.3,115.8,117.4,109.6,116.0,121.1,114.1,119.3,109.8,121.7,110.1,114.5,121.5,107.8
2023-01-01,transport,120.4,114.2,116.5,111.5,118.7,116.5,116.6,112.3,118.7,114.1,123.2,125.5,117.3,124.9,117.3,134.1
2023-02-01,alcohol_tobacco,174.4,175.4,184.3,170.7,171.5,177.2,169.2,183.9,167.8,173.2,148.5,170.3,184.1,169.2,132.7,186.4
2023-02-01,clothing_footwear,96.2,86.7,98.2,74.7,99.9,95.1,92.2,89.1,90.5,91.3,90.0,100.1,94.1,82.6,88.9,87.9
2023-02-01,communication,96.5,97.3,98.2,96.9,100.9,103.2,100.5,100.9,94.6,98.4,95.1,95.0,96.2,89.5,98.5,93.4
2023-02-01,education,134.9,110.0,132.2,131.8,115.1,121.7,116.2,126.0,122.5,115.1,117.9,124.9,129.0,130.5,130.2,130.5
2023-02-01,food_beverage,159.0,139.4,144.7,150.9,148.8,149.4,143.4,134.2,155.9,135.2,144.0,161.2,141.3,152.0,132.7,167.1
2023-02-01,furnishings,124.7,120.1,117.2,125.3,120.2,127.3,123.5,114.7,122.0,117.3,113.6,132.8,117.1,127.0,109.1,136.1
2023-02-01,health,133.0,121.8,129.9,122.2,128.5,123.4,126.0,118.4,133.3,131.8,129.9,128.8,126.3,114.7,133.9,112.5
2023-02-01,hospitality,147.6,136.8,127.2,137.4,132.6,132.0,140.9,140.3,147.8,152.6,140.7,156.1,129.9,144.6,136.9,173.0
2023-02-01,housing_utilities,125.4,126.6,117.5,127.7,123.3,119.7,117.1,115.7,127.6,110.1,110.6,130.8,115.1,132.1,121.7,137.5
2023-02-01,misc,128.5,122.3,122.0,119.1,112.7,118.6,121.8,111.6,126.4,117.5,118.0,118.0,127.8,119.5,114.3,121.2
2023-02-01,overall,133.4,125.2,127.6,126.7,129.2,127.6,125.8,122.1,131.3,120.1,123.6,135.2,125.0,130.7,122.1,137.9
2023-02-01,recreation_culture,121.2,116.0,109.6,114.2,115.4,109.4,113.8,123.3,113.1,120.0,106.0,121.5,110.3,114.8,122.1,108.1
2023-02-01,transport,120.3,114.2,116.4,111.3,118.7,116.5,116.6,112.3,118.5,114.2,122.9,125.3,117.4,124.6,117.5,133.4
2023-03-01,alcohol_tobacco,174.5,175.4,184.3,170.7,171.5,177.3,169.2,183.9,167.7,173.2,148.7,170.3,184.1,169.9,132.7,186.4
2023-03-01,clothing_footwear,96.4,86.8,98.0,74.5,100.0,95.2,92.2,89.1,90.2,91.3,90.0,100.1,93.8,82.7,89.0,87.9
2023-03-01,communication,96.5,97.3,98.2,96.9,100.9,103.2,100.5,100.9,94.6,98.4,95.1,95.0,96.2,89.4,98.5,93.4
2023-03-01,education,135.6,110.4,132.5,132.1,115.1,122.0,116.3,126.0,122.8,115.5,117.9,125.0,129.3,130.5,132.1,130.5
2023-03-01,food_beverage,158.9,139.5,145.0,151.0,148.9,149.5,143.7,134.3,156.0,135.4,144.5,161.3,141.6,152.2,132.6,167.8
2023-03-01,furnishings,124.9,120.0,117.2,125.5,120.3,127.5,123.5,114.9,121.8,117.5,113.5,133.3,117.1,127.5,109.1,136.3
2023-03-01,health,133.1,122.0,130.0,122.1,128.6,123.5,126.1,118.1,133.4,131.7,130.5,129.1,126.4,114.2,132.8,112.5
2023-03-01,hospitality,147.8,137.1,127.6,137.5,132.6,133.4,141.1,140.3,147.7,152.8,141.0,156.4,130.0,145.4,135.2,173.0
2023-03-01,housing_utilities,125.4,126.6,117.5,127.7,123.3,119.7,117.1,115.7,127.6,110.1,110.6,130.8,115.2,132.1,121.7,137.5
2023-03-01,misc,128.6,122.7,122.7,119.0,113.0,118.8,122.1,112.1,126.4,117.4,118.4,118.4,128.7,119.9,114.5,121.9
2023-03-01,overall,133.4,125.2,127.8,126.8,129.2,127.7,125.9,122.2,131.2,120.2,123.6,135.3,125.1,130.7,122.2,138.0
2023-03-01,recreation_culture,121.1,115.8,109.6,113.9,115.2,109.4,113.6,123.3,112.7,122.3,104.7,121.4,110.5,115.1,124.3,108.0
2023-03-01,transport,120.5,114.3,116.6,111.4,118.4,116.5,116.6,112.3,118.1,114.1,122.6,125.0,117.7,124.0,117.5,132.7
2023-04-01,alcohol_tobacco,174.6,175.4,184.3,170.8,171.5,177.4,169.3,183.9,167.5,173.2,148.7,170.5,184.1,169.3,132.7,186.5
2023-04-01,clothing_footwear,96.2,86.8,98.1,74.2,100.1,95.1,91.9,89.5,89.6,91.1,89.9,100.4,93.9,82.2,88.5,87.9
2023-04-01,communication,96.5,97.3,98.2,96.9,100.9,103.2,100.5,100.9,94.6,98.4,95.1,95.0,96.2,89.4,98.5,93.4
2023-04-01,education,135.6,110.9,132.5,132.5,115.1,122.0,116.6,126.0,122.8,115.6,117.9,125.3,129.3,130.5,132.1,130.5
2023-04-01,food_beverage,158.3,139.3,144.8,151.0,148.5,149.0,143.5,134.5,156.0,135.1,144.5,161.1,141.3,152.2,132.8,167.7
2023-04-01,furnishings,124.8,120.4,117.4,125.8,120.4,127.6,123.6,114.8,121.9,117.3,113.7,133.3,117.3,127.1,109.1,136.4
2023-04-01,health,133.6,122.0,130.1,122.0,128.6,123.6,126.3,118.0,133.7,131.8,130.3,129.1,126.1,112.5,134.9,112.5
2023-04-01,hospitality,148.1,136.8,127.7,137.4,132.6,133.2,141.2,139.8,147.9,152.5,140.6,156.6,129.9,143.7,135.4,173.0
2023-04-01,housing_utilities,125.4,126.6,117.5,127.7,123.3,119.7,117.1,115.7,127.6,110.1,110.6,130.8,115.2,132.1,121.7,137.5
2023-04-01,misc,128.8,123.1,123.8,119.4,113.1,118.8,122.6,111.8,127.0,117.8,118.7,119.2,130.2,119.9,115.5,120.9
2023-04-01,overall,133.3,125.3,127.9,127.0,129.2,127.6,126.0,122.3,131.2,120.2,123.9,135.4,125.2,130.6,122.3,138.1
2023-04-01,recreation_culture,121.4,116.0,109.6,115.1,116.4,109.7,115.3,124.3,112.0,121.7,107.5,121.4,110.5,115.5,123.3,108.3
2023-04-01,transport,120.6,114.5,116.8,111.7,118.4,116.5,116.8,112.2,118.1,114.4,123.0,125.8,117.8,124.2,117.6,133.5
2023-05-01,alcohol_tobacco,174.6,175.4,184.2,170.8,171.4,177.4,169.3,183.9,167.6,173.2,148.7,170.4,183.9,170.9,132.7,186.5
2023-05-01,clothing_footwear,96.2,86.8,98.2,74.5,100.0,95.3,91.9,89.6,89.4,91.1,90.0,100.4,94.0,82.2,88.5,88.0
2023-05-01,communication,94.2,94.9,96.7,95.6,98.4,101.5,98.5,99.1,92.5,97.6,94.0,92.9,94.5,85.7,96.6,89.6
2023-05-01,education,136.0,110.9,132.5,132.6,115.1,122.9,116.6,126.0,122.7,116.2,118.0,125.8,129.3,130.8,132.1,130.5
2023-05-01,food_beverage,159.0,139.8,145.0,151.8,149.1,149.6,144.1,134.7,156.9,135.3,145.0,162.2,141.5,153.0,132.9,169.4
2023-05-01,furnishings,125.2,120.4,117.5,125.6,120.5,127.7,123.4,114.9,122.2,117.5,113.9,133.5,117.4,127.3,109.1,136.8
2023-05-01,health,133.2,122.0,130.3,121.9,128.6,123.8,126.3,118.2,133.9,132.0,130.4,129.2,126.4,113.6,134.9,113.8
2023-05-01,hospitality,148.4,137.1,127.8,137.4,133.1,133.4,141.2,140.8,147.4,152.6,141.4,157.3,130.2,147.8,135.4,172.0
2023-05-01,housing_utilities,126.1,127.3,117.6,127.7,123.4,120.0,117.3,115.9,128.2,112.2,110.9,131.0,115.2,133.6,121.7,137.5
2023-05-01,misc,129.2,123.5,124.4,119.6,113.4,119.3,123.0,112.7,127.8,118.5,119.0,119.6,130.8,121.1,115.7,122.1
2023-05-01,overall,133.5,125.5,127.9,127.1,129.3,127.8,126.2,122.4,131.6,120.8,124.1,135.7,125.2,131.2,122.1,138.1
2023-05-01,recreation_culture,121.6,116.0,109.6,115.8,117.4,109.9,116.3,124.6,112.4,121.8,109.2,121.6,110.5,115.6,123.2,108.8
2023-05-01,transport,120.5,114.4,116.7,111.4,118.4,116.6,116.8,112.3,118.1,113.8,122.8,125.7,117.8,123.7,117.0,132.2
2023-06-01,alcohol_tobacco,174.6,175.4,184.2,170.8,171.4,177.5,169.4,183.9,167.8,173.3,148.6,170.4,183.9,170.9,132.7,186.4
2023-06-01,clothing_footwear,96.3,86.8,98.2,74.1,100.0,95.3,91.9,89.9,89.4,91.0,90.1,100.3,94.1,82.1,88.5,88.2
2023-06-01,communication,94.3,94.9,96.7,95.6,98.4,101.5,98.5,99.1,92.6,97.6,94.0,92.9,94.5,85.7,96.6,89.7
2023-06-01,education,136.3,111.0,132.5,132.6,115.6,122.9,116.6,126.0,123.5,116.4,118.5,125.8,129.3,130.8,133.2,130.5
2023-06-01,food_beverage,159.0,140.2,145.3,151.9,149.2,150.4,144.1,135.0,156.9,135.1,145.4,162.3,141.8,153.0,133.7,169.9
2023-06-01,furnishings,125.6,120.5,117.5,125.7,120.6,127.9,123.7,115.0,121.9,117.6,114.0,133.6,117.6,126.8,109.1,136.9
2023-06-01,health,134.5,122.1,130.5,123.0,128.7,123.1,126.4,120.1,134.7,132.3,129.7,129.7,126.5,112.5,137.5,113.8
2023-06-01,hospitality,148.7,138.0,128.0,136.8,133.1,134.3,141.6,141.0,147.6,153.0,141.6,157.7,130.2,147.8,136.1,172.0
2023-06-01,housing_utilities,126.1,127.3,117.6,127.7,123.4,120.0,117.3,115.9,128.2,112.2,110.9,131.0,115.2,133.6,121.7,137.5
2023-06-01,misc,129.6,123.4,124.5,119.8,113.5,119.8,123.1,112.9,127.7,118.7,119.3,119.8,131.0,121.9,115.8,122.2
2023-06-01,overall,133.7,125.6,128.0,127.2,129.5,128.1,126.3,122.6,131.7,120.7,124.4,135.8,125.4,131.4,122.4,138.4
2023-06-01,recreation_culture,121.7,116.1,109.7,116.4,118.2,110.1,117.2,124.3,112.9,121.2,110.2,121.8,110.7,115.8,122.4,108.8
2023-06-01,transport,120.6,114.5,116.7,111.4,118.8,116.7,116.8,112.3,118.6,113.9,123.0,126.0,117.9,124.4,117.0,132.9
2023-07-01,alcohol_tobacco,174.6,175.4,184.2,170.9,171.4,177.5,169.5,183.9,167.8,173.2,148.9,170.4,183.9,170.6,132.7,186.4
2023-07-01,clothing_footwear,96.4,86.8,98.3,74.1,99.9,95.2,92.0,89.9,89.4,91.0,90.1,100.3,94.2,82.2,89.0,88.2
2023-07-01,communication,94.2,94.9,96.7,95.7,98.4,101.5,98.4,99.1,92.5,97.6,94.0,92.8,94.5,85.4,96.6,89.4
2023-07-01,education,136.8,111.0,132.5,133.0,115.6,122.9,116.6,126.0,123.5,116.5,118.5,126.0,129.3,130.7,133.2,130.5
2023-07-01,food_beverage,159.5,140.4,145.6,152.5,149.5,150.7,144.6,135.5,157.5,135.6,145.7,163.1,142.3,153.4,134.1,170.1
2023-07-01,furnishings,125.8,120.5,117.8,125.7,120.7,129.2,123.6,115.2,122.1,118.3,114.2,133.5,117.8,127.0,108.9,137.1
2023-07-01,health,134.7,122.0,130.9,123.3,129.1,126.0,126.7,120.4,134.9,132.2,130.1,129.7,126.9,112.8,139.3,113.8
2023-07-01,hospitality,149.3,138.2,128.4,137.1,133.3,134.8,142.0,141.0,148.8,153.8,141.9,157.8,130.7,148.7,136.1,174.7
2023-07-01,housing_utilities,126.1,127.3,117.6,127.7,123.4,120.0,117.3,115.9,128.2,112.2,110.9,131.0,115.2,133.6,121.7,137.5
2023-07-01,misc,129.6,123.5,124.7,119.6,113.5,119.8,123.4,113.6,127.8,118.8,119.4,119.5,131.3,120.5,116.1,123.5
2023-07-01,overall,133.8,125.7,128.2,127.3,129.5,128.3,126.5,122.8,131.8,120.9,124.5,136.0,125.6,131.4,122.5,138.7
2023-07-01,recreation_culture,121.6,116.9,109.7,115.7,117.1,109.8,116.0,123.9,112.1,120.4,109.3,121.8,110.6,115.5,121.7,108.9
2023-07-01,transport,120.8,114.5,116.8,111.4,118.7,116.7,117.1,112.3,118.6,113.9,123.1,126.2,118.0,124.5,117.0,133.7
2023-08-01,alcohol_tobacco,174.6,175.5,184.2,171.0,171.9,177.5,169.6,183.9,167.8,173.2,149.0,170.3,183.9,170.2,132.7,186.4
2023-08-01,clothing_footwear,96.5,86.7,98.3,74.1,100.0,95.2,92.0,89.9,89.2,90.9,90.1,100.3,94.2,81.9,89.0,88.2
2023-08-01,communication,94.2,94.9,96.8,95.7,98.3,101.5,98.4,99.1,92.5,97.6,94.0,92.8,94.6,85.4,96.6,89.2
2023-08-01,education,136.8,111.0,132.6,133.0,117.4,122.9,117.0,126.0,123.5,117.0,118.5,126.3,129.3,130.8,133.2,130.5
2023-08-01,food_beverage,159.6,140.3,145.5,152.6,149.8,150.4,144.6,136.7,157.7,136.0,145.9,163.6,142.1,153.4,134.7,169.7
2023-08-01,furnishings,125.8,120.5,117.9,126.5,120.8,129.5,123.8,115.5,122.0,118.4,114.4,133.7,117.9,127.3,109.0,137.3
2023-08-01,health,136.1,122.1,131.2,124.0,129.5,126.2,126.8,120.7,135.4,132.7,130.3,130.1,127.2,114.4,139.3,113.8
2023-08-01,hospitality,149.8,138.6,128.7,137.2,132.7,134.8,142.0,142.1,149.0,154.2,142.4,158.3,131.2,149.4,136.1,174.7
2023-08-01,housing_utilities,126.7,127.4,117.7,127.7,123.5,120.0,118.5,116.1,128.5,112.5,116.7,131.0,115.2,134.1,122.0,137.4
2023-08-01,misc,129.9,123.5,124.4,119.6,113.5,119.8,123.2,113.4,127.6,118.9,119.7,119.7,131.0,121.0,115.7,123.4
2023-08-01,overall,134.1,125.7,128.2,127.4,129.7,128.2,126.7,123.3,132.0,121.2,125.9,136.2,125.5,131.5,122.8,138.6
2023-08-01,recreation_culture,121.8,116.9,109.7,116.3,118.2,110.0,116.8,124.2,113.0,120.5,109.3,121.9,110.8,115.6,121.8,108.9
2023-08-01,transport,120.8,114.5,116.9,111.5,118.5,116.8,117.1,112.3,118.7,114.3,123.1,126.1,118.0,124.3,117.3,133.8
